{
  "$schema": "https://schema.management.azure.com/schemas/2019-04-01/deploymentParameters.json#",
  "contentVersion": "1.0.0.0",
  "parameters": {
    "location": {
      "value": "[resourceGroup().location]"
    },
    "virtualNetworkName": {
      "value": "CEAUEVNETSITAKS01"
    },
    "virtualNetworkAddressPrefixes": {
      "value": "10.102.144.0/21"
    },
    "VNETTags": {
      "value": {
        "resourceType": "AKS Sitecore Cluster Virtual Network",
        "Environment": "SIT",
        "Name": "CorpWebsiteDEV"
      }
    },
    "aksSubnetName": {
      "value": "AksSubnet"
    },
    "aksSubnetAddressPrefix": {
      "value": "10.102.144.0/22"
    },
    "AzureFirewallSubnet": {
      "value": "AzureFirewallSubnet"
    },
    "AzureFirewallSubnetPrefix": {
      "value": "10.102.148.0/24"
    },
    "logAnalyticsWorkspaceName": {
      "value": "CEAUELOGWORKSPACESIT"
    },
    "logAnalyticsSku": {
      "value": "PerGB2018"
    },
    "MonitorTags": {
      "value": {
        "resourceType": "AKS Sitecore Cluster Log Workspace Monitoring Solution",
        "Environment": "SIT",
        "Name": "CorpWebsiteDEV"
      }
    },
    "logAnalyticsRetentionInDays": {
      "value": 30
    },
    "applicationGatewaySubnetName": {
      "value": "AppGatewaySubnet"
    },
    "applicationGatewaySubnetAddressPrefix": {
      "value": "10.102.149.0/24"
    },
    "applicationGatewayName": {
      "value": "CEAUESITEAPPGW"
    },
    "AppGwTags": {
      "value": {
        "resourceType": "AKS Sitecore Application Gateway and AGIC",
        "Environment": "SIT",
        "Name": "CorpWebsiteDEV"
      }
    },
    "applicationGatewayZones": {
      "value": [
        1
      ]
    },
    "publicIpZones": {
      "value": [
        "1"
      ]
    },
    "wafPolicyName": {
      "value": "CEAUESITEAPPGW-WAF"
    },
    "wafPolicyMode": {
      "value": "Prevention"
    },
    "wafPolicyState": {
      "value": "Enabled"
    },
    "wafPolicyFileUploadLimitInMb": {
      "value": 100
    },
    "wafPolicyMaxRequestBodySizeInKb": {
      "value": 128
    },
    "wafPolicyRequestBodyCheck": {
      "value": true
    },
    "wafPolicyRuleSetType": {
      "value": "OWASP"
    },
    "wafPolicyRuleSetVersion": {
      "value": "3.1"
    },
    "CreateEDSSubnet": {
      "value": "false"
    },
    "EDSSubnet": {
      "value": "EDSSubnet"
    },
    "EDSSubnetAddressPrefix": {
      "value": "10.102.140.128/25"
    },
    "EDSNameDifferentiator": {
      "value": "NA"
    },
    "NonEDSNameDifferentiator": {
      "value": ""
    }

  }
}