{
  "$schema": "https://schema.management.azure.com/schemas/2019-04-01/deploymentParameters.json#",
  "contentVersion": "1.0.0.0",
  "parameters": {
    "location": {
      "value": "[resourceGroup().location]"
    },
    "virtualNetworkName": {
      "value": "CEAUES021VNET01"
    },
    "virtualNetworkAddressPrefixes": {
      "value": "10.102.136.0/21"
    },
    "VNETTags": {
      "value": {
        "resourceType": "AKS Sitecore Cluster Virtual Network",
        "Environment": "UAT",
        "Name": "CorpWebsiteUAT"
      }
    },
    "aksSubnetName": {
      "value": "AksSubnet"
    },
    "aksSubnetAddressPrefix": {
      "value": "10.102.136.0/22"
    },
    "AzureFirewallSubnet": {
      "value": "AzureFirewallSubnet"
    },
    "AzureFirewallSubnetPrefix": {
      "value": "10.102.140.0/24"
    },
    "logAnalyticsWorkspaceName": {
      "value": "CEAUE021RG01LW01"
    },
    "logAnalyticsSku": {
      "value": "PerGB2018"
    },
    "MonitorTags": {
      "value": {
        "resourceType": "AKS Sitecore Cluster Log Workspace Monitoring Solution",
        "Environment": "UAT",
        "Name": "CorpWebsiteUAT"
      }
    },
    "logAnalyticsRetentionInDays": {
      "value": 30
    },
    "applicationGatewaySubnetName": {
      "value": "AppGatewaySubnet"
    },
    "applicationGatewaySubnetAddressPrefix": {
      "value": "10.102.141.0/24"
    },
    "applicationGatewayName": {
      "value": "CEAUES021RG01AGW01"
    },
    "AppGwTags": {
      "value": {
        "resourceType": "AKS Sitecore Application Gateway and AGIC",
        "Environment": "UAT",
        "Name": "CorpWebsiteUAT"
      }
    },
    "applicationGatewayZones": {
      "value": [
        1
      ]
    },
    "publicIpZones": {
      "value": [
        "1"
      ]
    },
    "wafPolicyName": {
      "value": "CEAUES021RG01AGW01WFP01"
    },
    "wafPolicyMode": {
      "value": "Prevention"
    },
    "wafPolicyState": {
      "value": "Enabled"
    },
    "wafPolicyFileUploadLimitInMb": {
      "value": 100
    },
    "wafPolicyMaxRequestBodySizeInKb": {
      "value": 128
    },
    "wafPolicyRequestBodyCheck": {
      "value": true
    },
    "wafPolicyRuleSetType": {
      "value": "OWASP"
    },
    "wafPolicyRuleSetVersion": {
      "value": "3.1"
    },
    "CreateEDSSubnet": {
      "value": "true"
    },
    "EDSSubnet": {
      "value": "EDSSubnet"
    },
    "EDSSubnetAddressPrefix": {
      "value": "10.102.140.128/25"
    },
    "EDSNameDifferentiator": {
      "value": ""
    },
    "NonEDSNameDifferentiator": {
      "value": "NA"
    }

  }
}