{
  "$schema": "https://schema.management.azure.com/schemas/2019-04-01/deploymentTemplate.json#",
  "contentVersion": "1.0.0.1",
  "parameters": {
    "location": {
      "defaultValue": "[resourceGroup().location]",
      "type": "string",
      "metadata": {
        "description": "Specifies the location of Application Gateway for AKS cluster."
      }
    },
    "virtualNetworkName": {
      "defaultValue": "[concat(parameters('virtualNetworkName'), 'Vnet')]",
      "type": "string",
      "metadata": {
        "description": "Specifies the name of the virtual network."
      }
    },
    "virtualNetworkAddressPrefixes": {
      "defaultValue": [ "10.0.0.0/8" ],
      "type": "array",
      "metadata": {
        "description": "Specifies the address prefixes of the virtual network."
      }
    },
    "VNETTags": {
      "defaultValue": {
        "resourceType": "AKS Cluster",
        "createdBy": "ARM Template"
      },
      "type": "object",
      "metadata": {
        "description": "Specifies the tags of the AKS cluster."
      }
    },
    "aksSubnetName": {
      "defaultValue": "AksSubnet",
      "type": "string",
      "metadata": {
        "description": "Specifies the name of the subnet hosting the system node pool of the AKS cluster."
      }
    },
    "AzureFirewallSubnet": {
      "defaultValue": "AzureFirewallSubnet",
      "type": "string",
      "metadata": {
        "description": "Specifies the name of the subnet hosting the system node pool of the AKS cluster."
      }
    },
    "aksSubnetAddressPrefix": {
      "defaultValue": "10.0.0.0/16",
      "type": "string",
      "metadata": {
        "description": "Specifies the address prefix of the subnet hosting the system node pool of the AKS cluster."
      }
    },
    "AzureFirewallSubnetPrefix": {
      "defaultValue": "10.1.0.0/16",
      "type": "string",
      "metadata": {
        "description": "Specifies the address prefix of the subnet hosting the system node pool of the AKS cluster."
      }
    },
    "logAnalyticsWorkspaceName": {
      "type": "string",
      "defaultValue": "[concat(parameters('logAnalyticsWorkspaceName'), 'Workspace')]",
      "metadata": {
        "description": "Specifies the name of the Log Analytics Workspace."
      }
    },
    "logAnalyticsSku": {
      "type": "string",
      "allowedValues": [
        "Free",
        "Standalone",
        "PerNode",
        "PerGB2018"
      ],
      "defaultValue": "PerGB2018",
      "metadata": {
        "description": "Specifies the service tier of the workspace: Free, Standalone, PerNode, Per-GB."
      }
    },
    "MonitorTags": {
      "defaultValue": {
        "resourceType": "AKS Cluster",
        "createdBy": "ARM Template"
      },
      "type": "object",
      "metadata": {
        "description": "Specifies the tags of the AKS cluster."
      }
    },
    "logAnalyticsRetentionInDays": {
      "type": "int",
      "defaultValue": 60,
      "metadata": {
        "description": "Specifies the workspace data retention in days. -1 means Unlimited retention for the Unlimited Sku. 730 days is the maximum allowed for all other Skus."
      }
    },
    "applicationGatewaySubnetName": {
      "type": "string",
      "defaultValue": "AppGatewaySubnet",
      "metadata": {
        "description": "Specifies the name of the subnet which contains the the Application Gateway."
      }
    },
    "AppGwTags": {
      "defaultValue": {
        "resourceType": "AKS Cluster",
        "createdBy": "ARM Template"
      },
      "type": "object",
      "metadata": {
        "description": "Specifies the tags of the AKS cluster."
      }
    },
    "applicationGatewaySubnetAddressPrefix": {
      "type": "string",
      "defaultValue": "10.2.0.0/24",
      "metadata": {
        "description": "Specifies the address prefix of the subnet which contains the Application Gateway."
      }
    },
    "publicIpZones": {
      "type": "array",
      "metadata": {
        "description": "Public IP address Standard require Zonal location to define in Application gateway subnet which contains the Application Gateway."
      }
    },
    "applicationGatewayName": {
      "type": "string",
      "defaultValue": "[concat('appgw-', uniqueString(resourceGroup().id))]",
      "metadata": {
        "description": "Specifies the name of the Application Gateway."
      }
    },
    "applicationGatewayZones": {
      "type": "array",
      "defaultValue": [
        1
      ],
      "metadata": {
        "description": "Specifies the availability zones of the Application Gateway."
      }
    },
    "wafPolicyName": {
      "type": "String",
      "defaultValue": "[concat(parameters('applicationGatewayName'), 'WafPolicy')]",
      "metadata": {
        "description": "Specifies the name of the WAF policy"
      }
    },
    "wafPolicyMode": {
      "type": "string",
      "defaultValue": "Prevention",
      "allowedValues": [
        "Detection",
        "Prevention"
      ],
      "metadata": {
        "description": "Specifies the mode of the WAF policy."
      }
    },
    "wafPolicyState": {
      "type": "string",
      "defaultValue": "Enabled",
      "allowedValues": [
        "Enabled",
        "Disabled "
      ],
      "metadata": {
        "description": "Specifies the state of the WAF policy."
      }
    },
    "wafPolicyFileUploadLimitInMb": {
      "type": "int",
      "defaultValue": 100,
      "metadata": {
        "description": "Specifies the maximum file upload size in Mb for the WAF policy."
      }
    },
    "wafPolicyMaxRequestBodySizeInKb": {
      "type": "int",
      "defaultValue": 128,
      "metadata": {
        "description": "Specifies the maximum request body size in Kb for the WAF policy."
      }
    },
    "wafPolicyRequestBodyCheck": {
      "type": "bool",
      "defaultValue": true,
      "metadata": {
        "description": "Specifies the whether to allow WAF to check request Body."
      }
    },
    "wafPolicyRuleSetType": {
      "type": "string",
      "defaultValue": "OWASP",
      "metadata": {
        "description": "Specifies the rule set type."
      }
    },
    "wafPolicyRuleSetVersion": {
      "type": "string",
      "defaultValue": "3.1",
      "metadata": {
        "description": "Specifies the rule set version."
      }
    },
    "CreateEDSSubnet": {
      "type": "string",
      "defaultValue": "false",
      "metadata": {
        "description": "Specifies if EDS subnet is required, which contains the External Data Sources. Only Applicable for UAT/PROD Env"
      }
    },

    "EDSSubnet": {
      "type": "string",
      "defaultValue": "NA",
      "metadata": {
        "description": "Specifies the Name of the subnet which contains the External Data Sources. Only Applicable for UAT/PROD Env"
      }
    },
    "EDSSubnetAddressPrefix": {
      "type": "string",
      "defaultValue": "NA",
      "metadata": {
        "description": "Specifies the address prefix of the subnet which contains the External Data Sources. Only Applicable for UAT/PROD Env"
      }
    },
    "EDSNameDifferentiator": {
      "type": "string",
      "defaultValue": "NA",
      "metadata": {
        "description": "Used to postfix the name of VNET, to be able to validate the ARM template with conditional logic"
      }
    },
    "NonEDSNameDifferentiator": {
      "type": "string",
      "defaultValue": "NA",
      "metadata": {
        "description": "Used to postfix the name of VNET, to be able to validate the ARM template with conditional logic"
      }
    }
    },
    "variables": {
      "readerRoleDefinitionName": "acdd72a7-3385-48ef-bd42-f606fba81ae7",
      "contributorRoleDefinitionName": "b24988ac-6180-42a0-ab88-20f7382dd24c",
      "readerRoleId": "[subscriptionResourceId('Microsoft.Authorization/roleDefinitions', variables('readerRoleDefinitionName'))]",
      "contributorRoleId": "[subscriptionResourceId('Microsoft.Authorization/roleDefinitions', variables('contributorRoleDefinitionName'))]",
      "virtualNetworkId": "[resourceId('Microsoft.Network/virtualNetworks', parameters('virtualNetworkName'))]",
      "aksSubnetId": "[resourceId('Microsoft.Network/virtualNetworks/subnets', parameters('virtualNetworkName'), parameters('aksSubnetName'))]",
      "applicationGatewaySubnetId": "[resourceId('Microsoft.Network/virtualNetworks/subnets', parameters('virtualNetworkName'), parameters('applicationGatewaySubnetName'))]",
      "workspaceId": "[resourceId('Microsoft.OperationalInsights/workspaces/', parameters('logAnalyticsWorkspaceName'))]",


      "containerInsightsSolutionName": "[concat('ContainerInsights(', parameters('logAnalyticsWorkspaceName'), ')')]",
      "wafPolicyId": "[resourceId('Microsoft.Network/ApplicationGatewayWebApplicationFirewallPolicies', parameters('wafPolicyName'))]",
      "applicationGatewayId": "[resourceId('Microsoft.Network/applicationGateways', parameters('applicationGatewayName'))]",
      "applicationGatewayPublicIPAddressName": "[concat(parameters('applicationGatewayName'), 'PublicIp')]",
      "applicationGatewayPublicIPAddressId": "[resourceId('Microsoft.Network/publicIPAddresses', variables('applicationGatewayPublicIPAddressName'))]",
      "applicationGatewayFrontendIPConfigurationName": "applicationGatewayFrontendIPConfiguration",
      "applicationGatewayIPConfigurationName": "applicationGatewayIPConfiguration",
      "applicationGatewayFrontendIPConfigurationId": "[resourceId('Microsoft.Network/applicationGateways/frontendIPConfigurations', parameters('applicationGatewayName'), variables('applicationGatewayFrontendIPConfigurationName'))]",
      "applicationGatewayFrontendPortName": "applicationGatewayFrontendPort",
      "applicationGatewayFrontendPortId": "[resourceId('Microsoft.Network/applicationGateways/frontendPorts', parameters('applicationGatewayName'), variables('applicationGatewayFrontendPortName'))]",
      "applicationGatewayHttpListenerName": "applicationGatewayHttpListener",
      "applicationGatewayHttpListenerId": "[resourceId('Microsoft.Network/applicationGateways/httpListeners', parameters('applicationGatewayName'), variables('applicationGatewayHttpListenerName'))]",
      "applicationGatewayBackendAddressPoolName": "applicationGatewayBackendPool",
      "applicationGatewayBackendAddressPoolId": "[resourceId('Microsoft.Network/applicationGateways/backendAddressPools', parameters('applicationGatewayName'), variables('applicationGatewayBackendAddressPoolName'))]",
      "applicationGatewayBackendHttpSettingsName": "applicationGatewayBackendHttpSettings",
      "applicationGatewayBackendHttpSettingsId": "[resourceId('Microsoft.Network/applicationGateways/backendHttpSettingsCollection', parameters('applicationGatewayName'), variables('applicationGatewayBackendHttpSettingsName'))]",
      "applicationGatewayRequestRoutingRuleName": "default"
    },
    "resources": [
      {
        "apiVersion": "2020-11-01",
        "condition": "[equals(parameters('CreateEDSSubnet'),'false')]",
        "name": "[concat(parameters('virtualNetworkName'),parameters('NonEDSNameDifferentiator'))]",
        "type": "Microsoft.Network/virtualNetworks",
        "location": "westeurope",
        "tags": "[parameters('VNETTags')]",
        "properties": {
          "subnets": [
            {
              "name": "[parameters('aksSubnetName')]",
              "properties": {
                "addressPrefix": "[parameters('aksSubnetAddressPrefix')]"
              }
            },
            {
              "name": "[parameters('applicationGatewaySubnetName')]",
              "properties": {
                "addressPrefix": "[parameters('applicationGatewaySubnetAddressPrefix')]"
              }
            },
            {
              "name": "[parameters('AzureFirewallSubnet')]",
              "properties": {
                "addressPrefix": "[parameters('AzureFirewallSubnetPrefix')]"
              }
            }
          ],
          "addressSpace": {
            "addressPrefixes": "[parameters('virtualNetworkAddressPrefixes')]"
          }
        }
      },
      {
        "apiVersion": "2020-11-01",
        "condition": "[equals(parameters('CreateEDSSubnet'),'true')]",
        "name": "[concat(parameters('virtualNetworkName'),parameters('EDSNameDifferentiator'))]",
        "type": "Microsoft.Network/virtualNetworks",
        "location": "westeurope",
        "tags": "[parameters('VNETTags')]",
        "properties": {
          "subnets": [
            {
              "name": "[parameters('aksSubnetName')]",
              "properties": {
                "addressPrefix": "[parameters('aksSubnetAddressPrefix')]"
              }
            },
            {
              "name": "[parameters('applicationGatewaySubnetName')]",
              "properties": {
                "addressPrefix": "[parameters('applicationGatewaySubnetAddressPrefix')]"
              }
            },
            {
              "name": "[parameters('AzureFirewallSubnet')]",
              "properties": {
                "addressPrefix": "[parameters('AzureFirewallSubnetPrefix')]"
              }
            },
            {
              "name": "[parameters('EDSSubnet')]",
              "properties": {
                "addressPrefix": "[parameters('EDSSubnetAddressPrefix')]"
              }
            }

          ],
          "addressSpace": {
            "addressPrefixes": "[parameters('virtualNetworkAddressPrefixes')]"
          }
        }
      },

      {
        "type": "Microsoft.OperationalInsights/workspaces",
        "apiVersion": "2020-08-01",
        "name": "[parameters('logAnalyticsWorkspaceName')]",
        "location": "[parameters('location')]",
        "tags": "[parameters('MonitorTags')]",
        "properties": {
          "sku": {
            "name": "[parameters('logAnalyticsSku')]"
          },
          "retentionInDays": "[parameters('logAnalyticsRetentionInDays')]"
        }
      },
      {
        "type": "Microsoft.OperationsManagement/solutions",
        "apiVersion": "2015-11-01-preview",
        "name": "[variables('containerInsightsSolutionName')]",
        "location": "[parameters('location')]",
        "dependsOn": [
          "[resourceId('microsoft.operationalinsights/workspaces', parameters('logAnalyticsWorkspaceName'))]"
        ],
        "plan": {
          "name": "[variables('containerInsightsSolutionName')]",
          "promotionCode": "",
          "product": "OMSGallery/ContainerInsights",
          "publisher": "Microsoft"
        },
        "properties": {
          "workspaceResourceId": "[resourceId('microsoft.operationalinsights/workspaces', parameters('logAnalyticsWorkspaceName'))]"
        }
      },
      {
        "apiVersion": "2019-02-01",
        "type": "Microsoft.Network/publicIPAddresses",
        "name": "[variables('applicationGatewayPublicIPAddressName')]",
        "location": "[parameters('location')]",
        "sku": {
          "name": "Standard"
        },
        "zones": "[parameters('publicIpZones')]",
        "properties": {
          "publicIPAllocationMethod": "Static"
        }
      },
      {
        "type": "Microsoft.Network/ApplicationGatewayWebApplicationFirewallPolicies",
        "apiVersion": "2020-06-01",
        "name": "[parameters('wafPolicyName')]",
        "location": "[parameters('location')]",
        "properties": {
          "customRules": [
            {
              "name": "BlockMe",
              "priority": 1,
              "ruleType": "MatchRule",
              "action": "Block",
              "matchConditions": [
                {
                  "matchVariables": [
                    {
                      "variableName": "QueryString"
                    }
                  ],
                  "operator": "Contains",
                  "negationConditon": false,
                  "matchValues": [
                    "blockme"
                  ]
                }
              ]
            },
            {
              "name": "BlockEvilBot",
              "priority": 2,
              "ruleType": "MatchRule",
              "action": "Block",
              "matchConditions": [
                {
                  "matchVariables": [
                    {
                      "variableName": "RequestHeaders",
                      "selector": "User-Agent"
                    }
                  ],
                  "operator": "Contains",
                  "negationConditon": false,
                  "matchValues": [
                    "evilbot"
                  ],
                  "transforms": [
                    "Lowercase"
                  ]
                }
              ]
            }
          ],
          "policySettings": {
            "requestBodyCheck": "[parameters('wafPolicyRequestBodyCheck')]",
            "maxRequestBodySizeInKb": "[parameters('wafPolicyMaxRequestBodySizeInKb')]",
            "fileUploadLimitInMb": "[parameters('wafPolicyFileUploadLimitInMb')]",
            "mode": "[parameters('wafPolicyMode')]",
            "state": "[parameters('wafPolicyState')]"
          },
          "managedRules": {
            "managedRuleSets": [
              {
                "ruleSetType": "[parameters('wafPolicyRuleSetType')]",
                "ruleSetVersion": "[parameters('wafPolicyRuleSetVersion')]"
              }
            ]
          }
        }
      },
      {
        "type": "Microsoft.Network/applicationGateways",
        "apiVersion": "2019-09-01",
        "name": "[parameters('applicationGatewayName')]",
        "location": "[parameters('location')]",
        "tags": "[parameters('AppgwTags')]",
        "dependsOn": [
          "[variables('applicationGatewayPublicIPAddressId')]",
          "[variables('virtualNetworkId')]",
          "[variables('wafPolicyId')]"
        ],
        "zones": "[parameters('applicationGatewayZones')]",
        "properties": {
          "sku": {
            "name": "WAF_v2",
            "tier": "WAF_v2"
          },
          "gatewayIPConfigurations": [
            {
              "name": "[variables('applicationGatewayIPConfigurationName')]",
              "properties": {
                "subnet": {
                  "id": "[variables('applicationGatewaySubnetId')]"
                }
              }
            }
          ],
          "frontendIPConfigurations": [
            {
              "name": "[variables('applicationGatewayFrontendIPConfigurationName')]",
              "properties": {
                "PublicIPAddress": {
                  "id": "[variables('applicationGatewayPublicIPAddressId')]"
                }
              }
            }
          ],
          "frontendPorts": [
            {
              "name": "[variables('applicationGatewayFrontendPortName')]",
              "properties": {
                "Port": 80
              }
            }
          ],
          "autoscaleConfiguration": {
            "minCapacity": 0,
            "maxCapacity": 10
          },
          "enableHttp2": false,
          "probes": [
            {
              "name": "defaultHttpProbe",
              "properties": {
                "protocol": "Http",
                "path": "/",
                "interval": 30,
                "timeout": 30,
                "unhealthyThreshold": 3,
                "pickHostNameFromBackendHttpSettings": true,
                "minServers": 0
              }
            },
            {
              "name": "defaultHttpsProbe",
              "properties": {
                "protocol": "Https",
                "path": "/",
                "interval": 30,
                "timeout": 30,
                "unhealthyThreshold": 3,
                "pickHostNameFromBackendHttpSettings": true,
                "minServers": 0
              }
            }
          ],
          "backendAddressPools": [
            {
              "name": "[variables('applicationGatewayBackendAddressPoolName')]"
            }
          ],
          "backendHttpSettingsCollection": [
            {
              "name": "[variables('applicationGatewayBackendHttpSettingsName')]",
              "properties": {
                "Port": 80,
                "Protocol": "Http",
                "CookieBasedAffinity": "Enabled"
              }
            }
          ],
          "httpListeners": [
            {
              "name": "[variables('applicationGatewayHttpListenerName')]",
              "properties": {
                "firewallPolicy": {
                  "id": "[variables('wafPolicyId')]"
                },
                "FrontendIPConfiguration": {
                  "id": "[variables('applicationGatewayFrontendIPConfigurationId')]"
                },
                "FrontendPort": {
                  "id": "[variables('applicationGatewayFrontendPortId')]"
                },
                "Protocol": "Http"
              }
            }
          ],
          "requestRoutingRules": [
            {
              "Name": "[variables('applicationGatewayRequestRoutingRuleName')]",
              "properties": {
                "RuleType": "Basic",
                "httpListener": {
                  "id": "[variables('applicationGatewayHttpListenerId')]"
                },
                "backendAddressPool": {
                  "id": "[variables('applicationGatewayBackendAddressPoolId')]"
                },
                "backendHttpSettings": {
                  "id": "[variables('applicationGatewayBackendHttpSettingsId')]"
                }
              }
            }
          ],
          "webApplicationFirewallConfiguration": {
            "enabled": true,
            "firewallMode": "[parameters('wafPolicyMode')]",
            "ruleSetType": "[parameters('wafPolicyRuleSetType')]",
            "ruleSetVersion": "[parameters('wafPolicyRuleSetVersion')]",
            "requestBodyCheck": "[parameters('wafPolicyRequestBodyCheck')]",
            "maxRequestBodySizeInKb": "[parameters('wafPolicyMaxRequestBodySizeInKb')]",
            "fileUploadLimitInMb": "[parameters('wafPolicyFileUploadLimitInMb')]"
          },
          "firewallPolicy": {
            "id": "[variables('wafPolicyId')]"
          }
        },
        "resources": [
          {
            "type": "providers/diagnosticSettings",
            "apiVersion": "2017-05-01-preview",
            "name": "Microsoft.Insights/default",
            "dependsOn": [
              "[variables('applicationGatewayId')]",
              "[variables('workspaceId')]"
            ],
            "properties": {
              "workspaceId": "[variables('workspaceId')]",
              "logs": [
                {
                  "category": "ApplicationGatewayAccessLog",
                  "enabled": true
                },
                {
                  "category": "ApplicationGatewayPerformanceLog",
                  "enabled": true
                },
                {
                  "category": "ApplicationGatewayFirewallLog",
                  "enabled": true
                }
              ],
              "metrics": [
                {
                  "category": "AllMetrics",
                  "enabled": true
                }
              ]
            }
          }
        ]
      }
    ],
    "outputs": {}
  }