{
    "$schema": "https://schema.management.azure.com/schemas/2019-04-01/deploymentTemplate.json#",
    "contentVersion": "1.0.0.0",
    "parameters": {
        "wafPolicyName": {
            "type": "String",
            "defaultValue": "[parameters('wafPolicyName')]",
            "metadata": {
              "description": "Specifies the name of the WAF policy"
            }
        }
    },
    "variables": {},
    "resources": [
        {
            "type": "Microsoft.Network/ApplicationGatewayWebApplicationFirewallPolicies",
            "apiVersion": "2020-11-01",
            "name": "[parameters('wafPolicyName')]",
            "location": "westeurope",
            "properties": {
                "customRules": [
                    {
                        "name": "BlockMe",
                        "priority": 10,
                        "ruleType": "MatchRule",
                        "action": "Block",
                        "matchConditions": [
                            {
                                "matchVariables": [
                                    {
                                        "variableName": "QueryString"
                                    }
                                ],
                                "operator": "Contains",
                                "negationConditon": false,
                                "matchValues": [
                                    "blockme"
                                ],
                                "transforms": []
                            }
                        ]
                    },
                    {
                        "name": "BlockEvilBot",
                        "priority": 20,
                        "ruleType": "MatchRule",
                        "action": "Block",
                        "matchConditions": [
                            {
                                "matchVariables": [
                                    {
                                        "variableName": "RequestHeaders",
                                        "selector": "User-Agent"
                                    }
                                ],
                                "operator": "Contains",
                                "negationConditon": false,
                                "matchValues": [
                                    "evilbot"
                                ],
                                "transforms": [
                                    "Lowercase"
                                ]
                            }
                        ]
                    },
                    {
                        "name": "GeoBlockList",
                        "priority": 30,
                        "ruleType": "MatchRule",
                        "action": "Block",
                        "matchConditions": [
                            {
                                "matchVariables": [
                                    {
                                        "variableName": "RemoteAddr"
                                    }
                                ],
                                "operator": "GeoMatch",
                                "negationConditon": false,
                                "matchValues": [
                                    "CM",
                                    "AF",
                                    "SY",
                                    "ZA"
                                ],
                                "transforms": []
                            }
                        ]
                    },
                    {
                        "name": "IPBlockList",
                        "priority": 40,
                        "ruleType": "MatchRule",
                        "action": "Block",
                        "matchConditions": [
                            {
                                "matchVariables": [
                                    {
                                        "variableName": "RemoteAddr"
                                    }
                                ],
                                "operator": "IPMatch",
                                "negationConditon": false,
                                "matchValues": [
                                    "13.114.239.41",
                                    "18.167.12.16",
                                    "107.161.23.204",
                                    "209.141.38.71"
                                ],
                                "transforms": []
                            }
                        ]
                    },
                    {
                        "name": "UserAgentBlock",
                        "priority": 50,
                        "ruleType": "MatchRule",
                        "action": "Block",
                        "matchConditions": [
                            {
                                "matchVariables": [
                                    {
                                        "variableName": "RequestHeaders",
                                        "selector": "User-Agent"
                                    }
                                ],
                                "operator": "Contains",
                                "negationConditon": false,
                                "matchValues": [
                                    "python"
                                ],
                                "transforms": [
                                    "Lowercase"
                                ]
                            }
                        ]
                    },
                    {
                        "name": "AllowSitecore",
                        "priority": 60,
                        "ruleType": "MatchRule",
                        "action": "Allow",
                        "matchConditions": [
                            {
                                "matchVariables": [
                                    {
                                        "variableName": "RequestUri"
                                    }
                                ],
                                "operator": "Contains",
                                "negationConditon": false,
                                "matchValues": [
                                    "globalhost",
                                    "connect/authorize",
                                    "identity/signin"
                                ],
                                "transforms": []
                            }
                        ]
                    }
                ],
                "policySettings": {
                    "requestBodyCheck": true,
                    "maxRequestBodySizeInKb": 128,
                    "fileUploadLimitInMb": 100,
                    "state": "Enabled",
                    "mode": "Prevention"
                },
                "managedRules": {
                    "managedRuleSets": [
                        {
                            "ruleSetType": "OWASP",
                            "ruleSetVersion": "3.1",
                            "ruleGroupOverrides": []
                        }
                    ],
                    "exclusions": []
                }
            }
        }
    ]
}