{
  "$schema": "https://schema.management.azure.com/schemas/2019-04-01/deploymentTemplate.json#",
  "contentVersion": "1.0.0.1",
  "parameters": {
    "location": {
      "defaultValue": "[resourceGroup().location]",
      "type": "string",
      "metadata": {
        "description": "Specifies the location of AKS cluster."
      }
    },
    "virtualNetworkName": {
      "defaultValue": "[concat(parameters('virtualNetworkName'), 'Vnet')]",
      "type": "string",
      "metadata": {
        "description": "Specifies the name of the virtual network."
      }
    },
    "virtualNetworkAddressPrefixes": {
      "defaultValue": [ "10.0.0.0/8" ],
      "type": "array",
      "metadata": {
        "description": "Specifies the address prefixes of the virtual network."
      }
    },
    "VNETTags": {
      "defaultValue": {
        "resourceType": "AKS Cluster",
        "createdBy": "ARM Template"
      },
      "type": "object",
      "metadata": {
        "description": "Specifies the tags of the AKS cluster."
      }
    },
    "aksSubnetName": {
      "defaultValue": "AksSubnet",
      "type": "string",
      "metadata": {
        "description": "Specifies the name of the subnet hosting the system node pool of the AKS cluster."
      }
    },
    "AzureFirewallSubnet": {
      "defaultValue": "AzureFirewallSubnet",
      "type": "string",
      "metadata": {
        "description": "Specifies the name of the subnet hosting the system node pool of the AKS cluster."
      }
    },
    "aksSubnetAddressPrefix": {
      "defaultValue": "10.0.0.0/16",
      "type": "string",
      "metadata": {
        "description": "Specifies the address prefix of the subnet hosting the system node pool of the AKS cluster."
      }
    },
    "AzureFirewallSubnetPrefix": {
      "defaultValue": "10.1.0.0/16",
      "type": "string",
      "metadata": {
        "description": "Specifies the address prefix of the subnet hosting the system node pool of the AKS cluster."
      }
    },
    "applicationGatewaySubnetName": {
      "type": "string",
      "defaultValue": "AppGatewaySubnet",
      "metadata": {
        "description": "Specifies the name of the subnet which contains the the Application Gateway."
      }
    },
    "applicationGatewaySubnetAddressPrefix": {
      "type": "string",
      "defaultValue": "10.2.0.0/24",
      "metadata": {
        "description": "Specifies the address prefix of the subnet which contains the Application Gateway."
      }
    },
    "CreateEDSSubnet": {
      "type": "string",
      "defaultValue": "false",
      "metadata": {
        "description": "Specifies if EDS subnet is required, which contains the External Data Sources. Only Applicable for UAT/PROD Env"
      }
    },
    "EDSSubnet": {
      "type": "string",
      "defaultValue": "NA",
      "metadata": {
        "description": "Specifies the Name of the subnet which contains the External Data Sources. Only Applicable for UAT/PROD Env"
      }
    },
    "EDSSubnetAddressPrefix": {
      "type": "string",
      "defaultValue": "NA",
      "metadata": {
        "description": "Specifies the address prefix of the subnet which contains the External Data Sources. Only Applicable for UAT/PROD Env"
      }
    },
    "EDSNameDifferentiator": {
      "type": "string",
      "defaultValue": "NA",
      "metadata": {
        "description": "Used to postfix the name of VNET, to be able to validate the ARM template with conditional logic"
      }
    },
    "NonEDSNameDifferentiator": {
      "type": "string",
      "defaultValue": "NA",
      "metadata": {
        "description": "Used to postfix the name of VNET, to be able to validate the ARM template with conditional logic"
      }
    }

  },
  "variables": {
    "readerRoleDefinitionName": "acdd72a7-3385-48ef-bd42-f606fba81ae7",
    "contributorRoleDefinitionName": "b24988ac-6180-42a0-ab88-20f7382dd24c",
    "virtualNetworkId": "[resourceId('Microsoft.Network/virtualNetworks', parameters('virtualNetworkName'))]",
    "aksSubnetId": "[resourceId('Microsoft.Network/virtualNetworks/subnets', parameters('virtualNetworkName'), parameters('aksSubnetName'))]"

  },
  "resources": [
    {
      "apiVersion": "2020-11-01",
      "condition": "[equals(parameters('CreateEDSSubnet'),'false')]",
      "name": "[concat(parameters('virtualNetworkName'),parameters('NonEDSNameDifferentiator'))]",
      "type": "Microsoft.Network/virtualNetworks",
      "location": "westeurope",
      "tags": "[parameters('VNETTags')]",
      "properties": {
        "subnets": [
          {
            "name": "[parameters('aksSubnetName')]",
            "properties": {
              "addressPrefix": "[parameters('aksSubnetAddressPrefix')]"
            }
          },
          {
            "name": "[parameters('applicationGatewaySubnetName')]",
            "properties": {
              "addressPrefix": "[parameters('applicationGatewaySubnetAddressPrefix')]"
            }
          },
          {
            "name": "[parameters('AzureFirewallSubnet')]",
            "properties": {
              "addressPrefix": "[parameters('AzureFirewallSubnetPrefix')]"
            }
          }
        ],
        "addressSpace": {
          "addressPrefixes": "[parameters('virtualNetworkAddressPrefixes')]"
        }
      }
    },
    {
      "apiVersion": "2020-11-01",
      "condition": "[equals(parameters('CreateEDSSubnet'),'true')]",
      "name": "[concat(parameters('virtualNetworkName'),parameters('EDSNameDifferentiator'))]",
      "type": "Microsoft.Network/virtualNetworks",
      "location": "westeurope",
      "tags": "[parameters('VNETTags')]",
      "properties": {
        "subnets": [
          {
            "name": "[parameters('aksSubnetName')]",
            "properties": {
              "addressPrefix": "[parameters('aksSubnetAddressPrefix')]"
            }
          },
          {
            "name": "[parameters('applicationGatewaySubnetName')]",
            "properties": {
              "addressPrefix": "[parameters('applicationGatewaySubnetAddressPrefix')]"
            }
          },
          {
            "name": "[parameters('AzureFirewallSubnet')]",
            "properties": {
              "addressPrefix": "[parameters('AzureFirewallSubnetPrefix')]"
            }
          },
          {
            "name": "[parameters('EDSSubnet')]",
            "properties": {
              "addressPrefix": "[parameters('EDSSubnetAddressPrefix')]"
            }
          }

        ],
        "addressSpace": {
          "addressPrefixes": "[parameters('virtualNetworkAddressPrefixes')]"
        }
      }
    }
  ],
  "outputs": {
  }
}

