{
  "$schema": "https://schema.management.azure.com/schemas/2019-04-01/deploymentParameters.json#",
  "contentVersion": "1.0.0.0",
  "parameters": {
    "location": {
      "value": "[resourceGroup().location]"
    },
    "virtualNetworkName": {
      "value": "CEAUES021VNET01"
    },
    "virtualNetworkAddressPrefixes": {
      "value": "10.102.136.0/21"
    },
    "VNETTags": {
      "value": {
        "resourceType": "AKS Sitecore Cluster Virtual Network",
        "Environment": "UAT",
        "Name": "CorpWebsiteUAT"
      }
    },
    "aksSubnetName": {
      "value": "AksSubnet"
    },
    "aksSubnetAddressPrefix": {
      "value": "10.102.136.0/22"
    },
    "AzureFirewallSubnet": {
      "value": "AzureFirewallSubnet"
    },
    "AzureFirewallSubnetPrefix": {
      "value": "10.102.140.0/25"
    },
    "applicationGatewaySubnetName": {
      "value": "AppGatewaySubnet"
    },
    "applicationGatewaySubnetAddressPrefix": {
      "value": "10.102.141.0/24"
    },
    "CreateEDSSubnet": {
      "value": "true"
    },
    "EDSSubnet": {
      "value": "EDSSubnet"
    },
    "EDSSubnetAddressPrefix": {
      "value": "10.102.140.128/25"
    },
    "EDSNameDifferentiator": {
      "value": ""
    },
    "NonEDSNameDifferentiator": {
      "value": "NA"
    }

  }
}