{
    "$schema": "http://schema.management.azure.com/schemas/2015-01-01/deploymentTemplate.json#",
    "contentVersion": "1.0.0.0",
    "parameters": {
        "location": {
            "type": "string"
        },
        "resourceGroup": {
            "type": "string"
        },
        "firewallPolicyName": {
            "type": "string"
        }
    },
    "variables": {},
    "resources": [
        {
            "apiVersion": "2020-11-01",
            "type": "Microsoft.Network/firewallPolicies",
            "name": "[parameters('firewallPolicyName')]",
            "location": "[parameters('location')]",
            "dependsOn": [],
            "properties": {
                "sku": {
                    "tier": "Standard"
                },
                "threatIntelMode": "Deny",
                "dnsSettings": {
                    "enableProxy": true
                },
                "threatIntelWhitelist": {
                    "fqdns": [],
                    "ipAddresses": []
                }
            },
            "resources": [
                {
                    "apiVersion": "2020-11-01",
                    "type": "ruleCollectionGroups",
                    "name": "DefaultNetworkRuleCollectionGroup",
                    "location": "[parameters('location')]",
                    "dependsOn": [
                        "[resourceId('Microsoft.Network/firewallPolicies',parameters('firewallPolicyName'))]"
                    ],
                    "properties": {
                        "priority": 200,
                        "ruleCollections": [
                            {
                                "name": "aksfwnr",
                                "priority": 100,
                                "action": {
                                    "type": "Allow"
                                },
                                "rules": [
                                    {
                                        "name": "apiudp",
                                        "ipProtocols": [
                                            "UDP"
                                        ],
                                        "destinationPorts": [
                                            "1194"
                                        ],
                                        "sourceAddresses": [
                                            "*"
                                        ],
                                        "sourceIpGroups": [],
                                        "destinationIpGroups": [],
                                        "destinationAddresses": [
                                            "AzureCloud.westeurope"
                                        ],
                                        "ruleConditionType": "NetworkRuleCondition",
                                        "ruleType": "NetworkRule",
                                        "destinationFqdns": []
                                    },
                                    {
                                        "name": "apitcp",
                                        "ipProtocols": [
                                            "TCP"
                                        ],
                                        "destinationPorts": [
                                            "9000"
                                        ],
                                        "sourceAddresses": [
                                            "*"
                                        ],
                                        "sourceIpGroups": [],
                                        "destinationIpGroups": [],
                                        "destinationAddresses": [
                                            "AzureCloud.westeurope"
                                        ],
                                        "ruleConditionType": "NetworkRuleCondition",
                                        "ruleType": "NetworkRule",
                                        "destinationFqdns": []
                                    },
                                    {
                                        "name": "time",
                                        "ipProtocols": [
                                            "UDP"
                                        ],
                                        "destinationPorts": [
                                            "123"
                                        ],
                                        "sourceAddresses": [
                                            "*"
                                        ],
                                        "sourceIpGroups": [],
                                        "destinationIpGroups": [],
                                        "destinationAddresses": [],
                                        "ruleConditionType": "NetworkRuleCondition",
                                        "ruleType": "NetworkRule",
                                        "destinationFqdns": [
                                            "ntp.ubuntu.com"
                                        ]
                                    }
                                ],
                                "ruleCollectionType": "FirewallPolicyFilterRuleCollection"
                            },
                            {
                                "name": "servicetags",
                                "priority": 110,
                                "action": {
                                    "type": "Allow"
                                },
                                "rules": [
                                    {
                                        "name": "allow service tags",
                                        "ipProtocols": [
                                            "Any"
                                        ],
                                        "destinationPorts": [
                                            "*"
                                        ],
                                        "sourceAddresses": [
                                            "*"
                                        ],
                                        "sourceIpGroups": [],
                                        "destinationIpGroups": [],
                                        "destinationAddresses": [
                                            "AzureContainerRegistry",
                                            "MicrosoftContainerRegistry",
                                            "AzureActiveDirectory",
                                            "AzureMonitor"
                                        ],
                                        "ruleConditionType": "NetworkRuleCondition",
                                        "ruleType": "NetworkRule",
                                        "destinationFqdns": []
                                    }
                                ],
                                "ruleCollectionType": "FirewallPolicyFilterRuleCollection"
                            }
                        ]
                    }
                },
                {
                    "apiVersion": "2020-11-01",
                    "type": "ruleCollectionGroups",
                    "name": "DefaultApplicationRuleCollectionGroup",
                    "location": "[parameters('location')]",
                    "dependsOn": [
                        "[concat('Microsoft.Network/firewallPolicies/', parameters('firewallPolicyName'), '/ruleCollectionGroups/', 'DefaultNetworkRuleCollectionGroup')]",
                        "[resourceId('Microsoft.Network/firewallPolicies',parameters('firewallPolicyName'))]"
                    ],
                    "properties": {
                        "priority": 300,
                        "ruleCollections": [
                            {
                                "name": "aksfwar",
                                "priority": 100,
                                "action": {
                                    "type": "Allow"
                                },
                                "rules": [
                                    {
                                        "name": "fqdn",
                                        "protocols": [
                                            {
                                                "protocolType": "Http",
                                                "port": 80
                                            },
                                            {
                                                "protocolType": "Https",
                                                "port": 443
                                            }
                                        ],
                                        "terminateTLS": false,
                                        "sourceAddresses": [
                                            "*"
                                        ],
                                        "sourceIpGroups": [],
                                        "targetFqdns": [],
                                        "fqdnTags": [
                                            "AzureKubernetesService"
                                        ],
                                        "ruleType": "ApplicationRule"
                                    }
                                ],
                                "ruleCollectionType": "FirewallPolicyFilterRuleCollection"
                            },
                            {
                                "name": "osupdates",
                                "priority": 102,
                                "action": {
                                    "type": "Allow"
                                },
                                "rules": [
                                    {
                                        "name": "allow network",
                                        "protocols": [
                                            {
                                                "protocolType": "Http",
                                                "port": 80
                                            },
                                            {
                                                "protocolType": "Https",
                                                "port": 443
                                            }
                                        ],
                                        "terminateTLS": false,
                                        "sourceAddresses": [
                                            "*"
                                        ],
                                        "sourceIpGroups": [],
                                        "targetFqdns": [
                                            "download.opensuse.org",
                                            "security.ubuntu.com",
                                            "packages.microsoft.com",
                                            "azure.archive.ubuntu.com",
                                            "changelogs.ubuntu.com",
                                            "snapcraft.io",
                                            "api.snapcraft.io",
                                            "motd.ubuntu.com"
                                        ],
                                        "fqdnTags": [],
                                        "ruleType": "ApplicationRule"
                                    }
                                ],
                                "ruleCollectionType": "FirewallPolicyFilterRuleCollection"
                            },
                             {
                                "name": "dockerhub",
                                "priority": 200,
                                "action": {
                                    "type": "Allow"
                                },
                                "rules": [
                                    {
                                        "name": "allow network",
                                        "protocols": [
                                            {
                                                "protocolType": "Http",
                                                "port": 80
                                            },
                                            {
                                                "protocolType": "Https",
                                                "port": 443
                                            }
                                        ],
                                        "terminateTLS": false,
                                        "sourceAddresses": [
                                            "*"
                                        ],
                                        "sourceIpGroups": [],
                                        "targetFqdns": [
                                            "*auth.docker.io",
                                            "*cloudflare.docker.io",
                                            "*cloudflare.docker.com",
                                            "*registry-1.docker.io"
                                        ],
                                        "fqdnTags": [],
                                        "ruleType": "ApplicationRule"
                                    }                                  
                                ],
                                "ruleCollectionType": "FirewallPolicyFilterRuleCollection"
                            },
                            {
                                "name": "Carbon-black",
                                "priority": 201,
                                "action": {
                                    "type": "Allow"
                                },
                                "rules": [
                                    {
                                        "name": "allow network",
                                        "protocols": [
                                            {
                                                "protocolType": "Https",
                                                "port": 443
                                            }
                                        ],
                                        "terminateTLS": false,
                                        "sourceAddresses": [
                                            "*"
                                        ],
                                        "sourceIpGroups": [],
                                        "targetFqdns": [
                                        "defense-eap01.conferdeploy.net",
                                        "events.containers.carbonblack.io",
                                        "dashboard.confer.net",
                                        "defense.conferdeploy.net",
                                        "defense-prod05.conferdeploy.net",
                                        "events-eu.containers.carbonblack.io",
                                        "defense-prodnrt.conferdeploy.net",
                                        "events-prodnrt.containers.carbonblack.io",
                                        "defense-prodsyd.conferdeploy.net",
                                        "events-prodsyd.containers.carbonblack.io"
                                        ],
                                        "fqdnTags": [],
                                        "ruleType": "ApplicationRule"
                                    }
                        ],
                        "ruleCollectionType": "FirewallPolicyFilterRuleCollection"
                    }
                ]
            }
        }
    ],
            "tags": {
                "Name": "Azure Firewall Policy for Sitecore Env"
            }
        }
    ]
}