{
  "$schema": "https://schema.management.azure.com/schemas/2019-04-01/deploymentTemplate.json#",
  "contentVersion": "1.0.0.0",
  "parameters": {
    "profileName": {
      "type": "string",
      "defaultValue": "myCDNProfile",
      "metadata": {
        "description": "Name of the CDN Profile"
      }
    },
    "endpointName": {
      "type": "string",
      "metadata": {
        "description": "Name of the CDN Endpoint, must be unique"
      }
    },
    "originUrl": {
      "type": "string",
      "metadata": {
        "description": "Url of the origin"
      }
    },
    "CDNSku": {
      "type": "string",
      "metadata": {
        "description": "CDN SKU names"
      },
      "defaultValue": "Standard_Microsoft",
      "allowedValues": [
        "Standard_Akamai",
        "Standard_Microsoft",
        "Standard_Verizon",
        "Premium_Verizon"
      ]
    },
    "location": {
      "type": "string",
      "defaultValue": "[resourceGroup().location]",
      "metadata": {
        "description": "Location for all resources."
      }
    }
  },
  "resources": [
    {
      "type": "Microsoft.Cdn/profiles",
      "apiVersion": "2020-04-15",
      "name": "[parameters('profileName')]",
      "location": "[parameters('location')]",
      "sku": {
        "name": "[parameters('CDNSku')]"
      },
      "resources": [
        {
          "type": "endpoints",
          "apiVersion": "2020-04-15",
          "name": "[parameters('endpointName')]",
          "location": "[parameters('location')]",
          "dependsOn": [
            "[resourceId('Microsoft.Cdn/profiles', parameters('profileName'))]"
          ],
          "properties": {
            "originHostHeader": "[parameters('originUrl')]",
            "isHttpAllowed": true,
            "isHttpsAllowed": true,
            "queryStringCachingBehavior": "IgnoreQueryString",
            "contentTypesToCompress": [
              "application/eot",
              "application/font",
              "application/font-sfnt",
              "application/javascript",
              "application/json",
              "application/opentype",
              "application/otf",
              "application/pkcs7-mime",
              "application/truetype",
              "application/ttf",
              "application/vnd.ms-fontobject",
              "application/xhtml+xml",
              "application/xml",
              "application/xml+rss",
              "application/x-font-opentype",
              "application/x-font-truetype",
              "application/x-font-ttf",
              "application/x-httpd-cgi",
              "application/x-javascript",
              "application/x-mpegurl",
              "application/x-opentype",
              "application/x-otf",
              "application/x-perl",
              "application/x-ttf",
              "font/eot",
              "font/ttf",
              "font/otf",
              "font/opentype",
              "image/svg+xml",
              "text/css",
              "text/csv",
              "text/html",
              "text/javascript",
              "text/js",
              "text/plain",
              "text/richtext",
              "text/tab-separated-values",
              "text/xml",
              "text/x-script",
              "text/x-component",
              "text/x-java-source"
            ],
            "isCompressionEnabled": true,
            "origins": [
              {
                "name": "origin1",
                "properties": {
                  "hostName": "[parameters('originUrl')]"
                }
              }
            ]
          }
        }
      ]
    }
  ]
}