{
  "$schema": "https://schema.management.azure.com/schemas/2019-04-01/deploymentTemplate.json#",
  "contentVersion": "1.0.0.1",
  "parameters": {
    "location": {
      "defaultValue": "[resourceGroup().location]",
      "type": "string",
      "metadata": {
        "description": "Specifies the location of AKS cluster."
      }
    },
    "aksClusterName": {
      "defaultValue": "[concat('aks-', uniqueString(resourceGroup().id))]",
      "type": "string",
      "metadata": {
        "description": "Specifies the name of the AKS cluster."
      }
    },
    "aksClusterDnsPrefix": {
      "defaultValue": "[parameters('aksClusterName')]",
      "type": "string",
      "metadata": {
        "description": "Specifies the DNS prefix specified when creating the managed cluster."
      }
    },
    "aksClusterTags": {
      "defaultValue": {
        "resourceType": "AKS Cluster",
        "createdBy": "ARM Template"
      },
      "type": "object",
      "metadata": {
        "description": "Specifies the tags of the AKS cluster."
      }
    },
    "aksClusterNetworkPlugin": {
      "defaultValue": "azure",
      "type": "string",
      "allowedValues": [
        "azure",
        "kubenet"
      ],
      "metadata": {
        "description": "Specifies the network plugin used for building Kubernetes network. - azure or kubenet."
      }
    },
    "aksClusterNetworkPolicy": {
      "defaultValue": "azure",
      "type": "string",
      "allowedValues": [
        "azure",
        "calico"
      ],
      "metadata": {
        "description": "Specifies the network policy used for building Kubernetes network. - calico or azure"
      }
    },
    "aksClusterPodCidr": {
      "defaultValue": "10.244.0.0/16",
      "type": "string",
      "metadata": {
        "description": "Specifies the CIDR notation IP range from which to assign pod IPs when kubenet is used."
      }
    },
    "aksClusterServiceCidr": {
      "defaultValue": "10.3.0.0/16",
      "type": "string",
      "metadata": {
        "description": "A CIDR notation IP range from which to assign service cluster IPs. It must not overlap with any Subnet IP ranges."
      }
    },
    "aksClusterDnsServiceIP": {
      "defaultValue": "10.3.0.10",
      "type": "string",
      "metadata": {
        "description": "Specifies the IP address assigned to the Kubernetes DNS service. It must be within the Kubernetes service address range specified in serviceCidr."
      }
    },
    "aksClusterDockerBridgeCidr": {
      "defaultValue": "172.17.0.1/16",
      "type": "string",
      "metadata": {
        "description": "Specifies the CIDR notation IP range assigned to the Docker bridge network. It must not overlap with any Subnet IP ranges or the Kubernetes service address range."
      }
    },
    "aksClusterLoadBalancerSku": {
      "defaultValue": "standard",
      "type": "string",
      "allowedValues": [
        "basic",
        "standard"
      ],
      "metadata": {
        "description": "Specifies the sku of the load balancer used by the virtual machine scale sets used by nodepools."
      }
    },
    "aksClusterOutboundType": {
      "defaultValue": "loadBalancer",
      "type": "string",
      "allowedValues": [
        "loadBalancer",
        "userDefinedRouting"
      ],
      "metadata": {
        "description": "Specifies outbound (egress) routing method. - loadBalancer or userDefinedRouting."
      }
    },
    "aksClusterSkuTier": {
      "type": "string",
      "defaultValue": "Paid",
      "allowedValues": [
        "Paid",
        "Free"
      ],
      "metadata": {
        "description": "Specifies the tier of a managed cluster SKU: Paid or Free"
      }
    },
    "aksClusterKubernetesVersion": {
      "type": "string",
      "defaultValue": "1.20.5",
      "metadata": {
        "description": "Specifies the version of Kubernetes specified when creating the managed cluster."
      }
    },
    "aksClusterAdminUsername": {
      "type": "string",
      "metadata": {
        "description": "Specifies the administrator username of Linux virtual machines."
      }
    },
    "aksClusterSshPublicKey": {
      "type": "string",
      "metadata": {
        "description": "Specifies the SSH RSA public key string for the Linux nodes."
      }
    },
    "aadEnabled": {
      "defaultValue": false,
      "type": "bool",
      "metadata": {
        "description": "Specifies whether enabling AAD integration."
      }
    },
    "aadProfileTenantId": {
      "defaultValue": "[subscription().tenantId]",
      "type": "string",
      "metadata": {
        "description": "Specifies the tenant id of the Azure Active Directory used by the AKS cluster for authentication."
      }
    },
    "aadProfileAdminGroupObjectIDs": {
      "defaultValue": [],
      "type": "array",
      "metadata": {
        "description": "Specifies the AAD group object IDs that will have admin role of the cluster."
      }
    },
    "aksClusterEnablePrivateCluster": {
      "defaultValue": false,
      "type": "bool",
      "metadata": {
        "description": "Specifies whether to create the cluster as a private cluster or not."
      }
    },
    "aadProfileManaged": {
      "defaultValue": false,
      "type": "bool",
      "metadata": {
        "description": "Specifies whether to enable managed AAD integration."
      }
    },
    "aadProfileEnableAzureRBAC": {
      "defaultValue": false,
      "type": "bool",
      "metadata": {
        "description": "Specifies whether to  to enable Azure RBAC for Kubernetes authorization."
      }
    },
    "systemNodePoolName": {
      "defaultValue": "system",
      "type": "string",
      "metadata": {
        "description": "Specifies the unique name of of the system node pool profile in the context of the subscription and resource group."
      }
    },
    "systemNodePoolVmSize": {
      "defaultValue": "Standard_DS5_v2",
      "type": "string",
      "metadata": {
        "description": "Specifies the vm size of nodes in the system node pool."
      }
    },
    "systemNodePoolOsDiskSizeGB": {
      "defaultValue": 100,
      "type": "int",
      "metadata": {
        "description": "Specifies the OS Disk Size in GB to be used to specify the disk size for every machine in the system agent pool. If you specify 0, it will apply the default osDisk size according to the vmSize specified.."
      }
    },
    "systemNodePoolAgentCount": {
      "defaultValue": 3,
      "type": "int",
      "metadata": {
        "description": "Specifies the number of agents (VMs) to host docker containers in the system node pool. Allowed values must be in the range of 1 to 100 (inclusive). The default value is 1."
      }
    },
    "systemNodePoolOsType": {
      "defaultValue": "Linux",
      "type": "string",
      "allowedValues": [
        "Linux",
        "Windows"
      ],
      "metadata": {
        "description": "Specifies the OS type for the vms in the system node pool. Choose from Linux and Windows. Default to Linux."
      }
    },
    "systemNodePoolMaxPods": {
      "defaultValue": 30,
      "type": "int",
      "metadata": {
        "description": "Specifies the maximum number of pods that can run on a node in the system node pool. The maximum number of pods per node in an AKS cluster is 250. The default maximum number of pods per node varies between kubenet and Azure CNI networking, and the method of cluster deployment."
      }
    },
    "systemNodePoolNodeLabels": {
      "defaultValue": {},
      "type": "object",
      "metadata": {
        "description": "Specifies the Agent pool node labels to be persisted across all nodes in the system node pool."
      }
    },
    "systemNodePoolType": {
      "defaultValue": "VirtualMachineScaleSets",
      "type": "string",
      "allowedValues": [
        "VirtualMachineScaleSets",
        "AvailabilitySet"
      ],
      "metadata": {
        "description": "Specifies the type for the system node pool: VirtualMachineScaleSets or AvailabilitySet"
      }
    },
    "systemNodePoolAvailabilityZones": {
      "defaultValue": [ 1 ],
      "type": "array",
      "metadata": {
        "description": "Specifies the availability zones for the agent nodes in the system node pool. Requirese the use of VirtualMachineScaleSets as node pool type."
      }
    },
    "userNodePoolName": {
      "defaultValue": "user",
      "type": "string",
      "metadata": {
        "description": "Specifies the unique name of of the user node pool profile in the context of the subscription and resource group."
      }
    },
    "userNodePoolVmSize": {
      "defaultValue": "Standard_DS5_v2",
      "type": "string",
      "metadata": {
        "description": "Specifies the vm size of nodes in the user node pool."
      }
    },
    "userNodePoolOsDiskSizeGB": {
      "defaultValue": 100,
      "type": "int",
      "metadata": {
        "description": "Specifies the OS Disk Size in GB to be used to specify the disk size for every machine in the system agent pool. If you specify 0, it will apply the default osDisk size according to the vmSize specified.."
      }
    },
    "userNodePoolAgentCount": {
      "defaultValue": 3,
      "type": "int",
      "metadata": {
        "description": "Specifies the number of agents (VMs) to host docker containers in the user node pool. Allowed values must be in the range of 1 to 100 (inclusive). The default value is 1."
      }
    },
    "userNodePoolOsType": {
      "defaultValue": "Linux",
      "type": "string",
      "allowedValues": [
        "Linux",
        "Windows"
      ],
      "metadata": {
        "description": "Specifies the OS type for the vms in the user node pool. Choose from Linux and Windows. Default to Linux."
      }
    },
    "userNodePoolMaxPods": {
      "defaultValue": 30,
      "type": "int",
      "metadata": {
        "description": "Specifies the maximum number of pods that can run on a node in the user node pool. The maximum number of pods per node in an AKS cluster is 250. The default maximum number of pods per node varies between kubenet and Azure CNI networking, and the method of cluster deployment."
      }
    },
    "userNodePoolNodeLabels": {
      "defaultValue": {},
      "type": "object",
      "metadata": {
        "description": "Specifies the Agent pool node labels to be persisted across all nodes in the user node pool."
      }
    },
    "userNodePoolType": {
      "defaultValue": "VirtualMachineScaleSets",
      "type": "string",
      "allowedValues": [
        "VirtualMachineScaleSets",
        "AvailabilitySet"
      ],
      "metadata": {
        "description": "Specifies the type for the user node pool: VirtualMachineScaleSets or AvailabilitySet"
      }
    },
    "userNodePoolAvailabilityZones": {
      "defaultValue": [ 1 ],
      "type": "array",
      "metadata": {
        "description": "Specifies the availability zones for the agent nodes in the user node pool. Requirese the use of VirtualMachineScaleSets as node pool type."
      }
    },
    "httpApplicationRoutingEnabled": {
      "type": "bool",
      "defaultValue": false,
      "metadata": {
        "description": "Specifies whether the httpApplicationRouting add-on is enabled or not."
      }
    },
    "azurePolicyEnabled": {
      "type": "bool",
      "defaultValue": true,
      "metadata": {
        "description": "Specifies whether the azurepolicy add-on is enabled or not."
      }
    },
    "podIdentityProfileEnabled": {
      "type": "bool",
      "defaultValue": false,
      "metadata": {
        "description": "Specifies whether the pod identity addon is enabled.."
      }
    },
    "virtualNetworkName": {
      "defaultValue": "[concat(parameters('aksClusterName'), 'Vnet')]",
      "type": "string",
      "metadata": {
        "description": "Specifies the name of the virtual network."
      }
    },
    "virtualNetworkAddressPrefixes": {
      "defaultValue": "10.0.0.0/8",
      "type": "string",
      "metadata": {
        "description": "Specifies the address prefixes of the virtual network."
      }
    },
    "VNETTags": {
      "defaultValue": {
        "resourceType": "AKS Cluster",
        "createdBy": "ARM Template"
      },
      "type": "object",
      "metadata": {
        "description": "Specifies the tags of the AKS cluster."
      }
    },
    "aksSubnetName": {
      "defaultValue": "AksSubnet",
      "type": "string",
      "metadata": {
        "description": "Specifies the name of the subnet hosting the system node pool of the AKS cluster."
      }
    },
    "AzureFirewallSubnet": {
      "defaultValue": "AzureFirewallSubnet",
      "type": "string",
      "metadata": {
        "description": "Specifies the name of the subnet hosting the system node pool of the AKS cluster."
      }
    },
    "aksSubnetAddressPrefix": {
      "defaultValue": "10.0.0.0/16",
      "type": "string",
      "metadata": {
        "description": "Specifies the address prefix of the subnet hosting the system node pool of the AKS cluster."
      }
    },
    "AzureFirewallSubnetPrefix": {
      "defaultValue": "10.1.0.0/16",
      "type": "string",
      "metadata": {
        "description": "Specifies the address prefix of the subnet hosting the system node pool of the AKS cluster."
      }
    },
    "logAnalyticsWorkspaceName": {
      "type": "string",
      "defaultValue": "[concat(parameters('aksClusterName'), 'Workspace')]",
      "metadata": {
        "description": "Specifies the name of the Log Analytics Workspace."
      }
    },
    "logAnalyticsSku": {
      "type": "string",
      "allowedValues": [
        "Free",
        "Standalone",
        "PerNode",
        "PerGB2018"
      ],
      "defaultValue": "PerGB2018",
      "metadata": {
        "description": "Specifies the service tier of the workspace: Free, Standalone, PerNode, Per-GB."
      }
    },
    "MonitorTags": {
      "defaultValue": {
        "resourceType": "AKS Cluster",
        "createdBy": "ARM Template"
      },
      "type": "object",
      "metadata": {
        "description": "Specifies the tags of the AKS cluster."
      }
    },
    "logAnalyticsRetentionInDays": {
      "type": "int",
      "defaultValue": 60,
      "metadata": {
        "description": "Specifies the workspace data retention in days. -1 means Unlimited retention for the Unlimited Sku. 730 days is the maximum allowed for all other Skus."
      }
    },
    "applicationGatewaySubnetName": {
      "type": "string",
      "defaultValue": "AppGatewaySubnet",
      "metadata": {
        "description": "Specifies the name of the subnet which contains the the Application Gateway."
      }
    },
    "AppGwTags": {
      "defaultValue": {
        "resourceType": "AKS Cluster",
        "createdBy": "ARM Template"
      },
      "type": "object",
      "metadata": {
        "description": "Specifies the tags of the AKS cluster."
      }
    },
    "applicationGatewaySubnetAddressPrefix": {
      "type": "string",
      "defaultValue": "10.2.0.0/24",
      "metadata": {
        "description": "Specifies the address prefix of the subnet which contains the Application Gateway."
      }
    },
    "publicIpZones": {
      "type": "array",
      "metadata": {
        "description": "Public IP address Standard require Zonal location to define in Application gateway subnet which contains the Application Gateway."
      }
    },
    "privateIpAddress": {
      "type": "string",
      "defaultValue": "172.4.0.50",
      "metadata": {
        "description": "Specifies the IP address from the defined Application gateway subnet which contains the Application Gateway."
      }
    },

    "applicationGatewayName": {
      "type": "string",
      "defaultValue": "[concat('appgw-', uniqueString(resourceGroup().id))]",
      "metadata": {
        "description": "Specifies the name of the Application Gateway."
      }
    },
    "applicationGatewayZones": {
      "type": "array",
      "defaultValue": [ 1 ],
      "metadata": {
        "description": "Specifies the availability zones of the Application Gateway."
      }
    },
    "wafPolicyName": {
      "type": "String",
      "defaultValue": "[concat(parameters('applicationGatewayName'), 'WafPolicy')]",
      "metadata": {
        "description": "Specifies the name of the WAF policy"
      }
    },
    "wafPolicyMode": {
      "type": "string",
      "defaultValue": "Prevention",
      "allowedValues": [
        "Detection",
        "Prevention"
      ],
      "metadata": {
        "description": "Specifies the mode of the WAF policy."
      }
    },
    "wafPolicyState": {
      "type": "string",
      "defaultValue": "Enabled",
      "allowedValues": [
        "Enabled",
        "Disabled "
      ],
      "metadata": {
        "description": "Specifies the state of the WAF policy."
      }
    },
    "wafPolicyFileUploadLimitInMb": {
      "type": "int",
      "defaultValue": 100,
      "metadata": {
        "description": "Specifies the maximum file upload size in Mb for the WAF policy."
      }
    },
    "wafPolicyMaxRequestBodySizeInKb": {
      "type": "int",
      "defaultValue": 128,
      "metadata": {
        "description": "Specifies the maximum request body size in Kb for the WAF policy."
      }
    },
    "wafPolicyRequestBodyCheck": {
      "type": "bool",
      "defaultValue": true,
      "metadata": {
        "description": "Specifies the whether to allow WAF to check request Body."
      }
    },
    "wafPolicyRuleSetType": {
      "type": "string",
      "defaultValue": "OWASP",
      "metadata": {
        "description": "Specifies the rule set type."
      }
    },
    "wafPolicyRuleSetVersion": {
      "type": "string",
      "defaultValue": "3.1",
      "metadata": {
        "description": "Specifies the rule set version."
      }
    }
  },
  "variables": {
    "readerRoleDefinitionName": "acdd72a7-3385-48ef-bd42-f606fba81ae7",
    "contributorRoleDefinitionName": "b24988ac-6180-42a0-ab88-20f7382dd24c",
    "aksClusterUserDefinedManagedIdentityName": "[concat(parameters('aksClusterName'), 'ManagedIdentity')]",
    "aksClusterUserDefinedManagedIdentityId": "[resourceId('Microsoft.ManagedIdentity/userAssignedIdentities',variables('aksClusterUserDefinedManagedIdentityName'))]",
    "applicationGatewayUserDefinedManagedIdentityName": "[concat(parameters('applicationGatewayName'), 'ManagedIdentity')]",
    "applicationGatewayUserDefinedManagedIdentityId": "[resourceId('Microsoft.ManagedIdentity/userAssignedIdentities',variables('applicationGatewayUserDefinedManagedIdentityName'))]",
    "aadPodIdentityUserDefinedManagedIdentityName": "[concat(parameters('aksClusterName'), 'AadPodManagedIdentity')]",
    "aadPodIdentityUserDefinedManagedIdentityId": "[resourceId('Microsoft.ManagedIdentity/userAssignedIdentities',variables('aadPodIdentityUserDefinedManagedIdentityName'))]",
    "virtualNetworkId": "[resourceId('Microsoft.Network/virtualNetworks', parameters('virtualNetworkName'))]",
    "aksSubnetId": "[resourceId('Microsoft.Network/virtualNetworks/subnets', parameters('virtualNetworkName'), parameters('aksSubnetName'))]",
    "applicationGatewaySubnetId": "[resourceId('Microsoft.Network/virtualNetworks/subnets', parameters('virtualNetworkName'), parameters('applicationGatewaySubnetName'))]",
    "workspaceId": "[resourceId('Microsoft.OperationalInsights/workspaces/', parameters('logAnalyticsWorkspaceName'))]",
    "readerRoleId": "[subscriptionResourceId('Microsoft.Authorization/roleDefinitions', variables('readerRoleDefinitionName'))]",
    "contributorRoleId": "[subscriptionResourceId('Microsoft.Authorization/roleDefinitions', variables('contributorRoleDefinitionName'))]",
    "aksContributorRoleAssignmentName": "[guid(concat(resourceGroup().id, variables('aksClusterUserDefinedManagedIdentityName'), parameters('aksClusterName')))]",
    "aksContributorRoleAssignmentId": "[resourceId('Microsoft.Authorization/roleAssignments', variables('aksContributorRoleAssignmentName'))]",
    "appGwContributorRoleAssignmentName": "[guid(concat(resourceGroup().id, variables('applicationGatewayUserDefinedManagedIdentityName'), parameters('applicationGatewayName')))]",
    "containerInsightsSolutionName": "[concat('ContainerInsights(', parameters('logAnalyticsWorkspaceName'), ')')]",
    "aksClusterId": "[resourceId('Microsoft.ContainerService/managedClusters', parameters('aksClusterName'))]",

    "wafPolicyId": "[resourceId('Microsoft.Network/ApplicationGatewayWebApplicationFirewallPolicies', parameters('wafPolicyName'))]",
    "applicationGatewayId": "[resourceId('Microsoft.Network/applicationGateways', parameters('applicationGatewayName'))]",

    "applicationGatewayPublicIPAddressName": "[concat(parameters('applicationGatewayName'), 'PublicIp')]",
    "applicationGatewayPublicIPAddressId": "[resourceId('Microsoft.Network/publicIPAddresses', variables('applicationGatewayPublicIPAddressName'))]",
    "applicationGatewayfrontendPrivateIPName": "[concat(parameters('applicationGatewayName'), 'privateIpAddress')]",
    "applicationGatewayFrontendIPConfigurationName": "applicationGatewayFrontendIPConfiguration",
    "applicationGatewayIPConfigurationName": "applicationGatewayIPConfiguration",
    "applicationGatewayFrontendIPConfigurationId": "[resourceId('Microsoft.Network/applicationGateways/frontendIPConfigurations', parameters('applicationGatewayName'), variables('applicationGatewayFrontendIPConfigurationName'))]",
    "applicationGatewayFrontendPortName": "applicationGatewayFrontendPort",
    "applicationGatewayFrontendPortId": "[resourceId('Microsoft.Network/applicationGateways/frontendPorts', parameters('applicationGatewayName'), variables('applicationGatewayFrontendPortName'))]",
    "applicationGatewayHttpListenerName": "applicationGatewayHttpListener",
    "applicationGatewayHttpListenerId": "[resourceId('Microsoft.Network/applicationGateways/httpListeners', parameters('applicationGatewayName'), variables('applicationGatewayHttpListenerName'))]",
    "applicationGatewayBackendAddressPoolName": "applicationGatewayBackendPool",
    "applicationGatewayBackendAddressPoolId": "[resourceId('Microsoft.Network/applicationGateways/backendAddressPools', parameters('applicationGatewayName'), variables('applicationGatewayBackendAddressPoolName'))]",
    "applicationGatewayBackendHttpSettingsName": "applicationGatewayBackendHttpSettings",
    "applicationGatewayBackendHttpSettingsId": "[resourceId('Microsoft.Network/applicationGateways/backendHttpSettingsCollection', parameters('applicationGatewayName'), variables('applicationGatewayBackendHttpSettingsName'))]",
    "applicationGatewayRequestRoutingRuleName": "default",

    "aadProfileConfiguration": {
      "managed": "[parameters('aadProfileManaged')]",
      "enableAzureRBAC": "[parameters('aadProfileEnableAzureRBAC')]",
      "adminGroupObjectIDs": "[parameters('aadProfileAdminGroupObjectIDs')]",
      "tenantID": "[parameters('aadProfileTenantId')]"
    }
  },
  "resources": [
    {
      "apiVersion": "2020-11-01",
      "name": "[parameters('virtualNetworkName')]",
      "type": "Microsoft.Network/virtualNetworks",
      "location": "westeurope",
      "tags": "[parameters('VNETTags')]",
      "properties": {
        "subnets": [
          {
            "name": "[parameters('aksSubnetName')]",
            "properties": {
              "addressPrefix": "172.0.1.0/24"
            }
          },
          {
            "name": "[parameters('applicationGatewaySubnetName')]",
            "properties": {
              "addressPrefix": "172.0.2.0/24"
            }
          },
          {
            "name": "[parameters('AzureFirewallSubnet')]",
            "properties": {
              "addressPrefix": "172.0.5.0/24"
            }
          }
        ],
        "addressSpace": {
          "addressPrefixes": [
            "172.0.0.0/16"
          ]
        }
      }
    },
    {
      "comments": "User-Defined Managed Identity defined for the AKS cluster. Used to access the Virtual Network and other resources.",
      "type": "Microsoft.ManagedIdentity/userAssignedIdentities",
      "name": "[variables('aksClusterUserDefinedManagedIdentityName')]",
      "apiVersion": "2018-11-30",
      "location": "[parameters('location')]"
    },
    {
      "comments": "User-Defined Managed Identity used by the Application Gateway is assigned. Used to access Azure Key Vault.",
      "type": "Microsoft.ManagedIdentity/userAssignedIdentities",
      "apiVersion": "2018-11-30",
      "name": "[variables('applicationGatewayUserDefinedManagedIdentityName')]",
      "location": "[parameters('location')]"
    },
    {
      "comments": "User-Defined Managed Identity used by an AAD Pod Identity. Used to access Azure Key Vault.",
      "type": "Microsoft.ManagedIdentity/userAssignedIdentities",
      "apiVersion": "2018-11-30",
      "name": "[variables('aadPodIdentityUserDefinedManagedIdentityName')]",
      "location": "[parameters('location')]"
    },
    {
      "type": "Microsoft.Authorization/roleAssignments",
      "apiVersion": "2020-04-01-preview",
      "name": "[variables('aksContributorRoleAssignmentName')]",
      "dependsOn": [
        "[variables('aksClusterUserDefinedManagedIdentityId')]",
        "[variables('virtualNetworkId')]"
      ],
      "properties": {
        "roleDefinitionId": "[variables('contributorRoleId')]",
        "description": "Assign the cluster user-defined managed identity contributor role on the resource group.",
        "principalId": "[reference(variables('aksClusterUserDefinedManagedIdentityName')).principalId]",
        "principalType": "ServicePrincipal",
        "scope": "[resourceGroup().id]"
      }
    },
    {
      "type": "Microsoft.ContainerService/managedClusters",
      "apiVersion": "2020-12-01",
      "name": "[parameters('aksClusterName')]",
      "location": "[parameters('location')]",
      "identity": {
        "type": "UserAssigned",
        "userAssignedIdentities": {
          "[variables('aksClusterUserDefinedManagedIdentityId')]": {}
        }
      },
      "tags": "[parameters('aksClusterTags')]",
      "dependsOn": [
        "[variables('virtualNetworkId')]",
        "[variables('workspaceId')]",
        "[variables('applicationGatewayId')]",
        "[variables('aksContributorRoleAssignmentId')]"
      ],
      "properties": {
        "kubernetesVersion": "[parameters('aksClusterKubernetesVersion')]",
        "dnsPrefix": "[parameters('aksClusterDnsPrefix')]",
        "sku": {
          "name": "Basic",
          "tier": "[parameters('aksClusterSkuTier')]"
        },
        "agentPoolProfiles": [
          {
            "name": "[tolower(parameters('systemNodePoolName'))]",
            "count": "[parameters('systemNodePoolAgentCount')]",
            "vmSize": "[parameters('systemNodePoolVmSize')]",
            "osDiskSizeGB": "[parameters('systemNodePoolOsDiskSizeGB')]",
            "vnetSubnetID": "[variables('aksSubnetId')]",
            "maxPods": "[parameters('systemNodePoolMaxPods')]",
            "osType": "[parameters('systemNodePoolOsType')]",
            "mode": "System",
            "type": "[parameters('systemNodePoolType')]",
            "systemNodePoolAvailabilityZones": [ "1" ],
            "nodeLabels": "[parameters('systemNodePoolNodeLabels')]"
          },
          {
            "name": "[tolower(parameters('userNodePoolName'))]",
            "count": "[parameters('userNodePoolAgentCount')]",
            "vmSize": "[parameters('userNodePoolVmSize')]",
            "osDiskSizeGB": "[parameters('userNodePoolOsDiskSizeGB')]",
            "vnetSubnetID": "[variables('aksSubnetId')]",
            "maxPods": "[parameters('userNodePoolMaxPods')]",
            "osType": "[parameters('userNodePoolOsType')]",
            "mode": "User",
            "type": "[parameters('userNodePoolType')]",
            "userNodePoolAvailabilityZones": [ "1" ],
            "nodeLabels": "[parameters('userNodePoolNodeLabels')]"
          }
        ],
        "linuxProfile": {
          "adminUsername": "[parameters('aksClusterAdminUsername')]",
          "ssh": {
            "publicKeys": [
              {
                "keyData": "[parameters('aksClusterSshPublicKey')]"
              }
            ]
          }
        },
        "addonProfiles": {
          "httpApplicationRouting": {
            "enabled": "[parameters('httpApplicationRoutingEnabled')]"
          },
          "omsagent": {
            "enabled": true,
            "config": {
              "logAnalyticsWorkspaceResourceID": "[variables('workspaceId')]"
            }
          },
          "azurepolicy": {
            "enabled": "[parameters('azurePolicyEnabled')]",
            "config": {
              "version": "v2"
            }
          },
          "ingressApplicationGateway": {
            "config": {
              "applicationGatewayId": "[variables('applicationGatewayId')]"
            },
            "enabled": true,
            "identity": {
              "clientId": "[reference(variables('applicationGatewayUserDefinedManagedIdentityId')).clientId]",
              "objectId": "[reference(variables('applicationGatewayUserDefinedManagedIdentityId')).principalId]",
              "resourceId": "[variables('applicationGatewayUserDefinedManagedIdentityId')]"
            }
          }
        },
        "podIdentityProfile": {
          "enabled": "[parameters('podIdentityProfileEnabled')]"
        },
        "enableRBAC": true,
        "networkProfile": {
          "networkPlugin": "[parameters('aksClusterNetworkPlugin')]",
          "networkPolicy": "[parameters('aksClusterNetworkPolicy')]",
          "podCidr": "[parameters('aksClusterPodCidr')]",
          "serviceCidr": "[parameters('aksClusterServiceCidr')]",
          "dnsServiceIP": "[parameters('aksClusterDnsServiceIP')]",
          "dockerBridgeCidr": "[parameters('aksClusterDockerBridgeCidr')]",
          "outboundType": "[parameters('aksClusterOutboundType')]",
          "loadBalancerSku": "[parameters('aksClusterLoadBalancerSku')]",
          "loadBalancerProfile": "[json('null')]"
        },
        "aadProfile": "[if(parameters('aadEnabled'), variables('aadProfileConfiguration'), json('null'))]",
        "apiServerAccessProfile": {
          "enablePrivateCluster": "[parameters('aksClusterEnablePrivateCluster')]"
        }
      },
      "resources": [
        {
          "type": "providers/diagnosticSettings",
          "apiVersion": "2017-05-01-preview",
          "name": "Microsoft.Insights/default",
          "dependsOn": [
            "[variables('aksClusterId')]",
            "[variables('workspaceId')]"
          ],
          "properties": {
            "workspaceId": "[variables('workspaceId')]",
            "logs": [
              {
                "category": "kube-apiserver",
                "enabled": true
              },
              {
                "category": "kube-audit",
                "enabled": true
              },
              {
                "category": "kube-audit-admin",
                "enabled": true
              },
              {
                "category": "kube-controller-manager",
                "enabled": true
              },
              {
                "category": "kube-scheduler",
                "enabled": true
              },
              {
                "category": "guard",
                "enabled": true
              }
            ],
            "metrics": [
              {
                "category": "AllMetrics",
                "enabled": true
              }
            ]
          }
        }
      ]
    },
    {
      "type": "Microsoft.OperationalInsights/workspaces",
      "apiVersion": "2020-08-01",
      "name": "[parameters('logAnalyticsWorkspaceName')]",
      "location": "[parameters('location')]",
      "tags": "[parameters('MonitorTags')]",
      "properties": {
        "sku": {
          "name": "[parameters('logAnalyticsSku')]"
        },
        "retentionInDays": "[parameters('logAnalyticsRetentionInDays')]"
      }
    },
    {
      "type": "Microsoft.OperationsManagement/solutions",
      "apiVersion": "2015-11-01-preview",
      "name": "[variables('containerInsightsSolutionName')]",
      "location": "[parameters('location')]",
      "dependsOn": [
        "[resourceId('microsoft.operationalinsights/workspaces', parameters('logAnalyticsWorkspaceName'))]"
      ],
      "plan": {
        "name": "[variables('containerInsightsSolutionName')]",
        "promotionCode": "",
        "product": "OMSGallery/ContainerInsights",
        "publisher": "Microsoft"
      },
      "properties": {
        "workspaceResourceId": "[resourceId('microsoft.operationalinsights/workspaces', parameters('logAnalyticsWorkspaceName'))]"
      }
    },
    {
      "type": "microsoft.insights/activityLogAlerts",
      "apiVersion": "2017-04-01",
      "name": "AllAzureAdvisorAlert",
      "location": "Global",
      "properties": {
        "scopes": [
          "[resourceGroup().id]"
        ],
        "condition": {
          "allOf": [
            {
              "field": "category",
              "equals": "Recommendation"
            },
            {
              "field": "operationName",
              "equals": "Microsoft.Advisor/recommendations/available/action"
            }
          ]
        },
        "enabled": true,
        "description": "All azure advisor alerts"
      }
    },
    {
      "apiVersion": "2019-02-01",
      "type": "Microsoft.Network/publicIPAddresses",
      "name": "[variables('applicationGatewayPublicIPAddressName')]",
      "location": "[parameters('location')]",
      "sku": {
        "name": "Standard"
      },
      "zones": "[parameters('publicIpZones')]",
      "properties": {
        "publicIPAllocationMethod": "Static"
      }
    },
    {
      "type": "Microsoft.Network/ApplicationGatewayWebApplicationFirewallPolicies",
      "apiVersion": "2020-06-01",
      "name": "[parameters('wafPolicyName')]",
      "location": "[parameters('location')]",
      "properties": {
        "customRules": [
          {
            "name": "BlockMe",
            "priority": 1,
            "ruleType": "MatchRule",
            "action": "Block",
            "matchConditions": [
              {
                "matchVariables": [
                  {
                    "variableName": "QueryString"
                  }
                ],
                "operator": "Contains",
                "negationConditon": false,
                "matchValues": [
                  "blockme"
                ]
              }
            ]
          },
          {
            "name": "BlockEvilBot",
            "priority": 2,
            "ruleType": "MatchRule",
            "action": "Block",
            "matchConditions": [
              {
                "matchVariables": [
                  {
                    "variableName": "RequestHeaders",
                    "selector": "User-Agent"
                  }
                ],
                "operator": "Contains",
                "negationConditon": false,
                "matchValues": [
                  "evilbot"
                ],
                "transforms": [
                  "Lowercase"
                ]
              }
            ]
          }
        ],
        "policySettings": {
          "requestBodyCheck": "[parameters('wafPolicyRequestBodyCheck')]",
          "maxRequestBodySizeInKb": "[parameters('wafPolicyMaxRequestBodySizeInKb')]",
          "fileUploadLimitInMb": "[parameters('wafPolicyFileUploadLimitInMb')]",
          "mode": "[parameters('wafPolicyMode')]",
          "state": "[parameters('wafPolicyState')]"
        },
        "managedRules": {
          "managedRuleSets": [
            {
              "ruleSetType": "[parameters('wafPolicyRuleSetType')]",
              "ruleSetVersion": "[parameters('wafPolicyRuleSetVersion')]"
            }
          ]
        }
      }
    },
    {
      "type": "Microsoft.Network/applicationGateways",
      "apiVersion": "2019-09-01",
      "name": "[parameters('applicationGatewayName')]",
      "location": "[parameters('location')]",
      "tags": "[parameters('AppgwTags')]",
      "dependsOn": [
        "[variables('applicationGatewayPublicIPAddressId')]",
        "[variables('virtualNetworkId')]",
        "[variables('wafPolicyId')]"
      ],
      "identity": {
        "type": "UserAssigned",
        "userAssignedIdentities": {
          "[variables('applicationGatewayUserDefinedManagedIdentityId')]": {}
        }
      },
      "zones": "[parameters('applicationGatewayZones')]",
      "properties": {
        "sku": {
          "name": "WAF_v2",
          "tier": "WAF_v2"
        },
        "gatewayIPConfigurations": [
          {
            "name": "[variables('applicationGatewayIPConfigurationName')]",
            "properties": {
              "subnet": {
                "id": "[variables('applicationGatewaySubnetId')]"
              }
            }
          }
        ],
        "frontendIPConfigurations": [
          {
            "name": "[variables('applicationGatewayFrontendIPConfigurationName')]",
            "properties": {
              "PublicIPAddress": {
                "id": "[variables('applicationGatewayPublicIPAddressId')]"
              }
            }
          }
        ],
        "frontendPorts": [
          {
            "name": "[variables('applicationGatewayFrontendPortName')]",
            "properties": {
              "Port": 80
            }
          }
        ],
        "autoscaleConfiguration": {
          "minCapacity": 0,
          "maxCapacity": 10
        },
        "enableHttp2": false,
        "probes": [
          {
            "name": "defaultHttpProbe",
            "properties": {
              "protocol": "Http",
              "path": "/",
              "interval": 30,
              "timeout": 30,
              "unhealthyThreshold": 3,
              "pickHostNameFromBackendHttpSettings": true,
              "minServers": 0
            }
          },
          {
            "name": "defaultHttpsProbe",
            "properties": {
              "protocol": "Https",
              "path": "/",
              "interval": 30,
              "timeout": 30,
              "unhealthyThreshold": 3,
              "pickHostNameFromBackendHttpSettings": true,
              "minServers": 0
            }
          }
        ],
        "backendAddressPools": [
          {
            "name": "[variables('applicationGatewayBackendAddressPoolName')]"
          }
        ],
        "backendHttpSettingsCollection": [
          {
            "name": "[variables('applicationGatewayBackendHttpSettingsName')]",
            "properties": {
              "Port": 80,
              "Protocol": "Http",
              "CookieBasedAffinity": "Enabled"
            }
          }
        ],
        "httpListeners": [
          {
            "name": "[variables('applicationGatewayHttpListenerName')]",
            "properties": {
              "firewallPolicy": {
                "id": "[variables('wafPolicyId')]"
              },
              "FrontendIPConfiguration": {
                "id": "[variables('applicationGatewayFrontendIPConfigurationId')]"
              },
              "FrontendPort": {
                "id": "[variables('applicationGatewayFrontendPortId')]"
              },
              "Protocol": "Http"
            }
          }
        ],
        "requestRoutingRules": [
          {
            "Name": "[variables('applicationGatewayRequestRoutingRuleName')]",
            "properties": {
              "RuleType": "Basic",
              "httpListener": {
                "id": "[variables('applicationGatewayHttpListenerId')]"
              },
              "backendAddressPool": {
                "id": "[variables('applicationGatewayBackendAddressPoolId')]"
              },
              "backendHttpSettings": {
                "id": "[variables('applicationGatewayBackendHttpSettingsId')]"
              }
            }
          }
        ],
        "webApplicationFirewallConfiguration": {
          "enabled": true,
          "firewallMode": "[parameters('wafPolicyMode')]",
          "ruleSetType": "[parameters('wafPolicyRuleSetType')]",
          "ruleSetVersion": "[parameters('wafPolicyRuleSetVersion')]",
          "requestBodyCheck": "[parameters('wafPolicyRequestBodyCheck')]",
          "maxRequestBodySizeInKb": "[parameters('wafPolicyMaxRequestBodySizeInKb')]",
          "fileUploadLimitInMb": "[parameters('wafPolicyFileUploadLimitInMb')]"
        },
        "firewallPolicy": {
          "id": "[variables('wafPolicyId')]"
        }
      },
      "resources": [
        {
          "type": "providers/diagnosticSettings",
          "apiVersion": "2017-05-01-preview",
          "name": "Microsoft.Insights/default",
          "dependsOn": [
            "[variables('applicationGatewayId')]",
            "[variables('workspaceId')]"
          ],
          "properties": {
            "workspaceId": "[variables('workspaceId')]",
            "logs": [
              {
                "category": "ApplicationGatewayAccessLog",
                "enabled": true
              },
              {
                "category": "ApplicationGatewayPerformanceLog",
                "enabled": true
              },
              {
                "category": "ApplicationGatewayFirewallLog",
                "enabled": true
              }
            ],
            "metrics": [
              {
                "category": "AllMetrics",
                "enabled": true
              }
            ]
          }
        }
      ]
    },
    {
      "type": "Microsoft.Authorization/roleAssignments",
      "apiVersion": "2020-04-01-preview",
      "name": "[variables('appGwContributorRoleAssignmentName')]",
      "dependsOn": [
        "[variables('aksClusterId')]",
        "[variables('applicationGatewayId')]"
      ],
      "properties": {
        "roleDefinitionId": "[variables('contributorRoleId')]",
        "principalId": "[reference(variables('aksClusterId'), '2020-12-01', 'Full').properties.addonProfiles.ingressApplicationGateway.identity.objectId]",
        "principalType": "ServicePrincipal",
        "scope": "[resourceGroup().id]"
      }
    }
  ],
  "outputs": {
  }
}