{
  "$schema": "https://schema.management.azure.com/schemas/2019-04-01/deploymentParameters.json#",
  "contentVersion": "1.0.0.0",
  "parameters": {
    "location": {
      "value": "westeurope"
    },
    "sqlServerLogin": {
      "value": "sqlAdmin"
    },
    "sqlServerPassword": {
      "value": "okQiCgU12RqNeIZdpx9H"
    },
    "sqlServerName": {
      "value": "CEAUES021RG01SQL01"
    },
    "sqlServerVersion": {
      "value": "12.0"
    },

    "elasticPoolName": {
      "value": "CEAUES020RG01SQL01EP01"
    },

    "edition": {
      "value": "Standard"
    },
    "capacity": {
      "value": 100
    },
    "databaseCapacityMin": {
      "value": 0
    },
    "databaseCapacityMax": {
      "value": 100
    }
  }
}