{
  "$schema": "https://schema.management.azure.com/schemas/2019-04-01/deploymentParameters.json#",
  "contentVersion": "1.0.0.0",
  "parameters": {
    "keyVaultName": {
      "value": "ReadFromVariable_Infra-SIT_KeyvaultName"
    },
    "location": {
      "value": "westeurope"
    },
    "objectId": {
      "value": "ReadFromVariable_Infra-SIT_ObjectIDForKeyVault"
    },
    "keysPermissions": {
      "value": [
        "all"
      ]
    },
    "secretsPermissions": {
      "value": [
        "all"
      ]
    },
    "CertPermissions": {
      "value": [
        "all"
      ]
    },
    "vaultSku": {
      "value": "Standard"
    },
    "logsRetentionInDays": {
      "value": 30
    }
  }
}