{
  "$schema": "https://schema.management.azure.com/schemas/2019-04-01/deploymentTemplate.json#",
  "contentVersion": "1.0.0.0",
  "parameters": {
    "keyVaultName": {
      "type": "string",
      "defaultValue": "[concat('kv-', uniqueString(resourceGroup().id))]",
      "metadata": {
        "description": "Specifies the name of the key vault."
      }
    },
    "location": {
      "type": "string",
      "defaultValue": "[resourceGroup().location]",
      "metadata": {
        "description": "Specifies the location for all resources."
      }
    },
    "objectId": {
      "type": "string",
      "metadata": {
        "description": "Specifies the object ID of a user, service principal or security group in the Azure Active Directory tenant for the vault. The object ID must be unique for the list of access policies. Get it by using Get-AzADUser or Get-AzADServicePrincipal cmdlets."
      }
    },
    "keysPermissions": {
      "type": "array",
      "defaultValue": [
        "all"
      ],
      "metadata": {
        "description": "Specifies the permissions to keys in the vault. Valid values are: all, encrypt, decrypt, wrapKey, unwrapKey, sign, verify, get, list, create, update, import, delete, backup, restore, recover, and purge."
      }
    },
    "secretsPermissions": {
      "type": "array",
      "defaultValue": [
        "all"
      ],
      "metadata": {
        "description": "Specifies the permissions to secrets in the vault. Valid values are: all, get, list, set, delete, backup, restore, recover, and purge."
      }
    },
    "CertPermissions": {
      "type": "array",
      "defaultValue": [
        "all"
      ],
      "metadata": {
        "description": "Specifies the permissions to secrets in the vault. Valid values are: all, get, list, set, delete, backup, restore, recover, and purge."
      }
    },
    "vaultSku": {
      "type": "string",
      "defaultValue": "Standard",
      "allowedValues": [
        "Standard",
        "Premium"
      ],
      "metadata": {
        "description": "Specifies the SKU for the key vault"
      }
    },
    "logsRetentionInDays": {
      "type": "int",
      "defaultValue": 0,
      "minValue": 0,
      "maxValue": 365,
      "metadata": {
        "description": "Specifies the number of days that logs are gonna be kept. If you do not want to apply any retention policy and retain data forever, set value to 0."
      }
    }
  },
  "variables": {
    "uniqueString": "[uniqueString(subscription().id, resourceGroup().id)]",
    "diagnosticStorageAccountName": "[toLower( substring( replace( concat( parameters('keyVaultName'), variables('uniqueString'), variables('uniqueString') ), '-', ''), 0, 23) )]"
  },
  "resources": [
    {
      "type": "Microsoft.KeyVault/vaults",
      "name": "[parameters('keyVaultName')]",
      "apiVersion": "2019-09-01",
      "location": "[parameters('location')]",
      "tags": {
        "displayName": "Key Vault with logging"
      },
      "properties": {
        "sku": {
          "name": "[parameters('vaultSku')]",
          "family": "A"
        },
        "tenantId": "[subscription().tenantId]",
        "accessPolicies": [
          {
            "objectId": "[parameters('objectId')]",
            "tenantId": "[subscription().tenantId]",
            "permissions": {
              "keys": "[parameters('keysPermissions')]",
              "secrets": "[parameters('secretsPermissions')]",
              "certificates": "[parameters('CertPermissions')]"
            }
          }
        ]
      }
    },
    {
      "type": "Microsoft.Storage/storageAccounts",
      "name": "[variables('diagnosticStorageAccountName')]",
      "apiVersion": "2019-06-01",
      "location": "[parameters('location')]",
      "sku": {
        "name": "Standard_LRS"
      },
      "kind": "StorageV2",
      "tags": {
        "displayName": "[concat('Key Vault', parameters('keyVaultName'), 'diagnostics storage account')]"
      }
    },
    {
      "scope": "[format('Microsoft.KeyVault/vaults/{0}', parameters('keyVaultName'))]",
      "type": "Microsoft.Insights/diagnosticsettings",
      "apiVersion": "2017-05-01-preview",
      "name": "service",
      "location": "[parameters('location')]",
      "dependsOn": [
        "[resourceId('Microsoft.KeyVault/vaults', parameters('keyVaultName'))]",
        "[resourceId('Microsoft.Storage/storageAccounts', variables('diagnosticStorageAccountName'))]"
      ],
      "properties": {
        "storageAccountId": "[resourceId('Microsoft.Storage/storageAccounts', variables('diagnosticStorageAccountName'))]",
        "logs": [
          {
            "category": "AuditEvent",
            "enabled": true,
            "retentionPolicy": {
              "enabled": true,
              "days": "[parameters('LogsRetentionInDays')]"
            }
          }
        ]
      }
    }
  ]
}